{"year":2008,"expense_type_id":3,"sum":7662.8162837838,"mean":51.7757857012,"max":61250.0,"count":148}
{"year":2009,"expense_type_id":3,"sum":2380.8341835518,"mean":2.8377046288,"max":55000.0,"count":839}
{"year":2010,"expense_type_id":3,"sum":3042.4512893082,"mean":9.5674568846,"max":34400.0,"count":318}
{"year":2011,"expense_type_id":0,"sum":3208.82,"mean":3.9762329616,"max":50000.0,"count":807}
{"year":2012,"expense_type_id":0,"sum":3496.2745416667,"mean":4.8559368634,"max":46000.0,"count":720}
{"year":2013,"expense_type_id":6,"sum":4657.2781176471,"mean":54.7915072664,"max":20524.44,"count":85}
{"year":2014,"expense_type_id":6,"sum":4513.0239047619,"mean":42.9811800454,"max":23852.6,"count":105}
{"year":2015,"expense_type_id":3,"sum":3519.1130504834,"mean":3.7799280886,"max":216780.0,"count":931}
{"year":2016,"expense_type_id":6,"sum":3436.5963888889,"mean":23.8652527006,"max":28922.72,"count":144}
{"year":2017,"expense_type_id":6,"sum":3853.0124786325,"mean":32.9317305866,"max":38500.96,"count":117}