{"congressperson_name":"EDUARDO SUPLICY","year":2009,"sum":29761.31,"mean":155.8183769634,"max":1021.6}
{"congressperson_name":"FL\u00c1VIO ARNS","year":2010,"sum":179999.9999999998,"mean":119.6808510638,"max":4128.0}
{"congressperson_name":"DANIMAR CRISTINA","year":2011,"sum":14643.61,"mean":77.8915425532,"max":3570.0}
{"congressperson_name":"ANA AM\u00c9LIA","year":2012,"sum":124669.28,"mean":281.420496614,"max":2500.0}
{"congressperson_name":"S\u00c9RGIO SOUZA","year":2013,"sum":353420.0499999998,"mean":297.2414213625,"max":4155.8}
{"congressperson_name":"ANA AM\u00c9LIA","year":2014,"sum":114444.32,"mean":349.9826299694,"max":2143.93}
{"congressperson_name":"ANA AM\u00c9LIA","year":2015,"sum":144937.71,"mean":356.1123095823,"max":3039.47}
{"congressperson_name":"MARCELO CRIVELLA","year":2016,"sum":180992.1100000001,"mean":380.2355252101,"max":20000.0}
{"congressperson_name":"ANA AM\u00c9LIA","year":2017,"sum":102864.6300000001,"mean":344.0288628763,"max":2066.13}