{"congressperson_name":"ARTHUR VIRG\u00cdLIO","year":2009,"sum":180000.0,"mean":16363.6363636364,"max":25500.0}
{"congressperson_name":"ADELMIR SANTANA","year":2010,"sum":180000.0,"mean":15000.0,"max":21000.0}
{"congressperson_name":"GEOVANI BORGES","year":2010,"sum":60000.0,"mean":15000.0,"max":15000.0}
{"congressperson_name":"GILVAM BORGES","year":2010,"sum":120000.0,"mean":15000.0,"max":15000.0}
{"congressperson_name":"ADELMIR SANTANA","year":2011,"sum":15000.0,"mean":15000.0,"max":15000.0}
{"congressperson_name":"M\u00c3O SANTA","year":2011,"sum":15000.0,"mean":15000.0,"max":15000.0}
{"congressperson_name":"GIM ARGELLO","year":2012,"sum":252144.47,"mean":7416.0138235294,"max":60000.0}
{"congressperson_name":"GIM ARGELLO","year":2013,"sum":232960.74,"mean":15530.716,"max":32999.94}
{"congressperson_name":"GIM ARGELLO","year":2014,"sum":247450.0,"mean":24745.0,"max":54000.0}
{"congressperson_name":"FERNANDO COLLOR","year":2015,"sum":420674.3999999999,"mean":19121.5636363636,"max":28174.24}
{"congressperson_name":"OMAR AZIZ","year":2016,"sum":390372.0799999999,"mean":21687.3377777778,"max":61600.0}
{"congressperson_name":"FERNANDO COLLOR","year":2017,"sum":280624.12,"mean":31180.4577777778,"max":38500.96}
