{"year":2008,"expense_type_id":0,"sum":2208397.4100000001,"mean":5007.703877551,"max":45175.85,"count":441}
{"year":2008,"expense_type_id":1,"sum":5158631.7400000049,"mean":6563.1447073791,"max":41239.32,"count":786}
{"year":2008,"expense_type_id":2,"sum":757509.3600000002,"mean":1565.1019834711,"max":27000.0,"count":484}
{"year":2008,"expense_type_id":3,"sum":1134096.8099999998,"mean":7662.8162837838,"max":61250.0,"count":148}
{"year":2008,"expense_type_id":4,"sum":2317312.0800000001,"mean":3927.6475932203,"max":18793.95,"count":590}
{"year":2009,"expense_type_id":0,"sum":1705488.2500000014,"mean":2229.3964052288,"max":66960.0,"count":765}
{"year":2009,"expense_type_id":1,"sum":4723703.2299999893,"mean":468.7608643445,"max":42400.0,"count":10077}
{"year":2009,"expense_type_id":2,"sum":625400.9100000001,"mean":364.6652536443,"max":16000.0,"count":1715}
{"year":2009,"expense_type_id":3,"sum":1997519.8799999997,"mean":2380.8341835518,"max":55000.0,"count":839}
{"year":2009,"expense_type_id":4,"sum":2673312.6399999964,"mean":874.775078534,"max":15000.0,"count":3056}
{"year":2010,"expense_type_id":0,"sum":2032545.530000004,"mean":2534.3460473816,"max":60000.0,"count":802}
{"year":2010,"expense_type_id":1,"sum":4407043.8999999622,"mean":382.1246770138,"max":24400.0,"count":11533}
{"year":2010,"expense_type_id":2,"sum":601113.2999999998,"mean":308.1052280882,"max":10000.0,"count":1951}
{"year":2010,"expense_type_id":3,"sum":967499.5100000001,"mean":3042.4512893082,"max":34400.0,"count":318}
{"year":2010,"expense_type_id":4,"sum":2743505.5700000008,"mean":762.932583426,"max":15000.0,"count":3596}
{"year":2011,"expense_type_id":0,"sum":2589517.7400000012,"mean":3208.82,"max":50000.0,"count":807}
{"year":2011,"expense_type_id":1,"sum":5764824.1899999473,"mean":484.3576029239,"max":30000.0,"count":11902}
{"year":2011,"expense_type_id":2,"sum":749207.1899999998,"mean":316.9235152284,"max":16050.0,"count":2364}
{"year":2011,"expense_type_id":3,"sum":2807471.7200000011,"mean":2432.8177816291,"max":56758.0,"count":1154}
{"year":2011,"expense_type_id":4,"sum":3375625.5099999877,"mean":815.1715793287,"max":15000.0,"count":4141}
{"year":2011,"expense_type_id":5,"sum":3482161.9200000558,"mean":685.4649448819,"max":14000.0,"count":5080}
{"year":2011,"expense_type_id":6,"sum":219702.45,"mean":2890.8217105263,"max":15372.62,"count":76}
{"year":2012,"expense_type_id":0,"sum":2517317.669999999,"mean":3496.2745416667,"max":46000.0,"count":720}
{"year":2012,"expense_type_id":1,"sum":6119616.7599999206,"mean":467.5746301956,"max":28000.0,"count":13088}
{"year":2012,"expense_type_id":2,"sum":920952.1600000028,"mean":388.2597639123,"max":10120.0,"count":2372}
{"year":2012,"expense_type_id":3,"sum":3189724.5899999985,"mean":3463.3274592834,"max":88245.0,"count":921}
{"year":2012,"expense_type_id":4,"sum":4051401.0099999858,"mean":789.746785575,"max":12612.98,"count":5130}
{"year":2012,"expense_type_id":5,"sum":6264591.9700000184,"mean":808.0216651619,"max":8400.0,"count":7753}
{"year":2012,"expense_type_id":6,"sum":272661.58,"mean":2673.152745098,"max":15372.62,"count":102}
{"year":2013,"expense_type_id":0,"sum":2504936.8099999973,"mean":3727.5845386905,"max":50000.0,"count":672}
{"year":2013,"expense_type_id":1,"sum":5709988.1999999518,"mean":498.3842367112,"max":22500.0,"count":11457}
{"year":2013,"expense_type_id":2,"sum":904412.680000002,"mean":375.8988694929,"max":27300.0,"count":2406}
{"year":2013,"expense_type_id":3,"sum":3398890.9000000004,"mean":2971.058479021,"max":60000.0,"count":1144}
{"year":2013,"expense_type_id":4,"sum":4422382.4900000067,"mean":817.2948604694,"max":16494.2,"count":5411}
{"year":2013,"expense_type_id":5,"sum":7307804.8399999877,"mean":903.6484283418,"max":84000.0,"count":8087}
{"year":2013,"expense_type_id":6,"sum":395868.64,"mean":4657.2781176471,"max":20524.44,"count":85}
{"year":2014,"expense_type_id":0,"sum":2755498.7500000009,"mean":4137.3855105105,"max":150000.0,"count":666}
{"year":2014,"expense_type_id":1,"sum":4980694.4999999674,"mean":669.8082974718,"max":20500.0,"count":7436}
{"year":2014,"expense_type_id":2,"sum":794620.8500000002,"mean":381.4790446471,"max":11070.0,"count":2083}
{"year":2014,"expense_type_id":3,"sum":2907771.7899999986,"mean":3945.4162686567,"max":162400.0,"count":737}
{"year":2014,"expense_type_id":4,"sum":4532267.7299999837,"mean":942.4553399875,"max":14117.17,"count":4809}
{"year":2014,"expense_type_id":5,"sum":6067949.9900000207,"mean":988.5874861518,"max":8000.0,"count":6138}
{"year":2014,"expense_type_id":6,"sum":473867.51,"mean":4513.0239047619,"max":23852.6,"count":105}
{"year":2015,"expense_type_id":0,"sum":3195317.7500000005,"mean":2832.7285017731,"max":85000.0,"count":1128}
{"year":2015,"expense_type_id":1,"sum":5602725.2399999546,"mean":582.2828143837,"max":29520.0,"count":9622}
{"year":2015,"expense_type_id":2,"sum":807530.9500000005,"mean":439.3530739935,"max":14500.0,"count":1838}
{"year":2015,"expense_type_id":3,"sum":3276294.2499999991,"mean":3519.1130504834,"max":216780.0,"count":931}
{"year":2015,"expense_type_id":4,"sum":4710442.8499999903,"mean":974.0369830438,"max":12000.0,"count":4836}
{"year":2015,"expense_type_id":5,"sum":6801863.2600000147,"mean":912.267068133,"max":10142.64,"count":7456}
{"year":2015,"expense_type_id":6,"sum":451465.3799999999,"mean":3247.9523741007,"max":28174.24,"count":139}
{"year":2016,"expense_type_id":0,"sum":3109141.7599999993,"mean":3211.9233057851,"max":80000.0,"count":968}
{"year":2016,"expense_type_id":1,"sum":5915892.9899999769,"mean":572.9123561883,"max":16560.0,"count":10326}
{"year":2016,"expense_type_id":2,"sum":1053998.2500000019,"mean":520.7501235178,"max":15000.0,"count":2024}
{"year":2016,"expense_type_id":3,"sum":3585465.79,"mean":3310.6793998153,"max":256980.0,"count":1083}
{"year":2016,"expense_type_id":4,"sum":4976764.4400000041,"mean":940.7872287335,"max":12000.0,"count":5290}
{"year":2016,"expense_type_id":5,"sum":6149743.1100000432,"mean":897.3797037794,"max":7680.6,"count":6853}
{"year":2016,"expense_type_id":6,"sum":494869.8799999997,"mean":3436.5963888889,"max":28922.72,"count":144}
{"year":2017,"expense_type_id":0,"sum":2386998.0899999994,"mean":3536.2934666667,"max":45000.0,"count":675}
{"year":2017,"expense_type_id":1,"sum":4288131.2999999626,"mean":528.8113577506,"max":20000.0,"count":8109}
{"year":2017,"expense_type_id":2,"sum":615519.2700000007,"mean":455.6027165063,"max":8600.0,"count":1351}
{"year":2017,"expense_type_id":3,"sum":2329032.4900000012,"mean":2714.4900815851,"max":31950.0,"count":858}
{"year":2017,"expense_type_id":4,"sum":3742026.50999999,"mean":962.4553780864,"max":14000.0,"count":3888}
{"year":2017,"expense_type_id":5,"sum":5040428.0700000012,"mean":989.8719697565,"max":5796.74,"count":5092}
{"year":2017,"expense_type_id":6,"sum":450802.4599999998,"mean":3853.0124786325,"max":38500.96,"count":117}