{"congressperson_name":"ROMEU TUMA","year":2008,"sum":179192.22,"mean":16290.2018181818,"max":41239.32}
{"congressperson_name":"MARCONI PERILLO","year":2009,"sum":180000.0000000001,"mean":857.1428571429,"max":7379.17}
{"congressperson_name":"DEMOSTENES TORRES","year":2010,"sum":180000.0,"mean":1363.6363636364,"max":10000.0}
{"congressperson_name":"MOZARILDO CAVALCANTI","year":2011,"sum":448390.48,"mean":561.8928320802,"max":56758.0}
{"congressperson_name":"MOZARILDO CAVALCANTI","year":2012,"sum":464182.0799999997,"mean":466.5146532663,"max":17380.5}
{"congressperson_name":"VANESSA GRAZZIOTIN","year":2013,"sum":521134.0699999999,"mean":1065.7138445808,"max":18900.0}
{"congressperson_name":"VANESSA GRAZZIOTIN","year":2014,"sum":512193.6299999999,"mean":1411.0017355372,"max":20000.0}
{"congressperson_name":"VANESSA GRAZZIOTIN","year":2015,"sum":515107.1699999998,"mean":1694.4314802632,"max":28362.0}
{"congressperson_name":"DAVI ALCOLUMBRE","year":2016,"sum":510076.0700000001,"mean":3835.1584210526,"max":256980.0}
{"congressperson_name":"RANDOLFE RODRIGUES","year":2017,"sum":382386.9000000001,"mean":1714.7394618834,"max":6000.0}