{"year":2008,"sum":11575947.3999999873,"mean":4726.805798285,"max":61250.0}
{"year":2009,"sum":11725424.9100000318,"mean":712.7051367615,"max":66960.0}
{"year":2010,"sum":10751707.8099999577,"mean":590.7531763736,"max":60000.0}
{"year":2011,"sum":18988510.7200003937,"mean":743.9472935277,"max":56758.0}
{"year":2012,"sum":23336265.7399999797,"mean":775.651988965,"max":88245.0}
{"year":2013,"sum":24644284.5599999391,"mean":842.1941275374,"max":84000.0}
{"year":2014,"sum":22512671.1200003102,"mean":1024.514022026,"max":162400.0}
{"year":2015,"sum":24845639.6799996793,"mean":957.4427622351,"max":216780.0}
{"year":2016,"sum":25285876.2199997529,"mean":947.4623883393,"max":256980.0}
{"year":2017,"sum":18852938.1900000237,"mean":938.4240014933,"max":45000.0}