{"party":"S\/Partido","year":2008,"sum":7376.9960869565,"mean":320.7389603025,"max":25829.25,"count":23}
{"party":"S\/Partido","year":2009,"sum":2683.582238806,"mean":40.0534662508,"max":12790.5,"count":67}
{"party":"S\/Partido","year":2010,"sum":2416.2714864865,"mean":32.652317385,"max":13864.62,"count":74}
{"party":"PSD","year":2011,"sum":3112.9263865546,"mean":26.1590452652,"max":40000.0,"count":119}
{"party":"PSD","year":2012,"sum":3172.4211724138,"mean":21.8787667063,"max":60000.0,"count":145}
{"party":"PSD","year":2013,"sum":3181.6542465753,"mean":21.7921523738,"max":84000.0,"count":146}
{"party":"PSD","year":2014,"sum":4126.1361061947,"mean":36.5144788159,"max":66000.0,"count":113}
{"party":"PTC","year":2015,"sum":18896.2761904762,"mean":899.822675737,"max":28174.24,"count":21}
{"party":"PTC","year":2016,"sum":20022.4290476191,"mean":953.4490022676,"max":28922.72,"count":21}
{"party":"PTC","year":2017,"sum":31180.4577777778,"mean":3464.495308642,"max":38500.96,"count":9}