{"party":"PMDB","year":2008,"sum":4691.9068270945,"mean":8.36347028,"max":61250.0,"count":561}
{"party":"PT","year":2009,"sum":516.9563249211,"mean":0.2038471313,"max":13800.0,"count":2536}
{"party":"PSDB","year":2010,"sum":489.1690713477,"mean":0.1384963396,"max":16000.0,"count":3532}
{"party":"PT","year":2011,"sum":588.5098262381,"mean":0.1022606127,"max":22250.0,"count":5755}
{"party":"PT","year":2012,"sum":671.7249684858,"mean":0.1032628699,"max":88245.0,"count":6505}
{"party":"PT","year":2013,"sum":694.0541236446,"mean":0.112324668,"max":29865.0,"count":6179}
{"party":"PT","year":2014,"sum":825.9439872789,"mean":0.1641709376,"max":162400.0,"count":5031}
{"party":"PT","year":2015,"sum":778.9169312839,"mean":0.1408529713,"max":30000.0,"count":5530}
{"party":"PT","year":2016,"sum":765.642231837,"mean":0.1380281651,"max":44500.0,"count":5547}
{"party":"PT","year":2017,"sum":715.9800899032,"mean":0.1650484301,"max":12771.0,"count":4338}