{"year":2009,"subquota_number":4,"sum":4464.8041382147,"mean":1.8366121506,"max":61000.0,"count":2431}
{"year":2010,"subquota_number":4,"sum":5749.726681191,"mean":2.0877729416,"max":60000.0,"count":2754}
{"year":2011,"subquota_number":4,"sum":5022.9312571429,"mean":1.5945813515,"max":84500.0,"count":3150}
{"year":2012,"subquota_number":4,"sum":5379.6203667482,"mean":1.8790151473,"max":80000.0,"count":2863}
{"year":2013,"subquota_number":119,"sum":8624.183373494,"mean":103.905823777,"max":79000.0,"count":83}
{"year":2014,"subquota_number":119,"sum":9425.0220938628,"mean":17.0126752597,"max":184500.0,"count":554}
{"year":2015,"subquota_number":119,"sum":8831.9428980892,"mean":28.1272066818,"max":35566.7,"count":314}
{"year":2016,"subquota_number":119,"sum":10162.5497321429,"mean":30.2456837266,"max":39600.0,"count":336}
{"year":2017,"subquota_number":119,"sum":10206.9193087558,"mean":47.0364945104,"max":39000.0,"count":217}
