{"congressperson_name":"AD\u00c3O PRETTO","year":2009,"sum":17700.0,"mean":17700.0,"max":17700.0}
{"congressperson_name":"SILAS C\u00c2MARA","year":2010,"sum":298658.91,"mean":33184.3233333333,"max":93000.0}
{"congressperson_name":"FERNANDO DE FABINHO","year":2011,"sum":28952.0,"mean":28952.0,"max":28952.0}
{"congressperson_name":"WELLINGTON ROBERTO","year":2012,"sum":362900.0,"mean":20161.1111111111,"max":80000.0}
{"congressperson_name":"SABINO CASTELO BRANCO","year":2013,"sum":330400.0,"mean":47200.0,"max":80000.0}
{"congressperson_name":"SABINO CASTELO BRANCO","year":2014,"sum":373950.0,"mean":62325.0,"max":184500.0}
{"congressperson_name":"ARNALDO FARIA DE S\u00c1","year":2015,"sum":219620.0,"mean":109810.0,"max":189600.0}
{"congressperson_name":"WLADIMIR COSTA","year":2016,"sum":247582.99,"mean":19044.8453846154,"max":72200.0}
{"congressperson_name":"SILAS C\u00c2MARA","year":2017,"sum":322327.1,"mean":18960.4176470588,"max":37578.6}
