{"party":"PT","year":2009,"sum":452.3834906287,"mean":0.0150333474,"max":93000.0,"count":30092}
{"party":"PT","year":2010,"sum":527.9851962979,"mean":0.015969548,"max":120000.0,"count":33062}
{"party":"PT","year":2011,"sum":501.2163926254,"mean":0.0132198236,"max":194100.0,"count":37914}
{"party":"PT","year":2012,"sum":520.1383103073,"mean":0.0141457251,"max":162580.0,"count":36770}
{"party":"PT","year":2013,"sum":553.5941455585,"mean":0.014933348,"max":89940.0,"count":37071}
{"party":"PT","year":2014,"sum":673.2732951661,"mean":0.0198687746,"max":96890.0,"count":33886}
{"party":"PT","year":2015,"sum":584.0398779321,"mean":0.0192682484,"max":137900.0,"count":30311}
{"party":"PT","year":2016,"sum":615.0919080001,"mean":0.020109586,"max":87000.0,"count":30587}
{"party":"PT","year":2017,"sum":574.8755815072,"mean":0.0230309515,"max":45000.0,"count":24961}
