{"year":2009,"subquota_number":4,"sum":4385.0255121349,"mean":1.8037949453,"max":61000.0,"count":2431}
{"year":2010,"subquota_number":4,"sum":5673.6042193174,"mean":2.060132251,"max":60000.0,"count":2754}
{"year":2011,"subquota_number":4,"sum":4920.8010285714,"mean":1.5621590567,"max":72000.0,"count":3150}
{"year":2012,"subquota_number":4,"sum":5292.1911561299,"mean":1.8484775257,"max":80000.0,"count":2863}
{"year":2013,"subquota_number":119,"sum":8604.1424096386,"mean":103.6643663812,"max":79000.0,"count":83}
{"year":2014,"subquota_number":119,"sum":9343.8343140794,"mean":16.8661269207,"max":184500.0,"count":554}
{"year":2015,"subquota_number":119,"sum":8831.9430254777,"mean":28.1272070875,"max":35566.7,"count":314}
{"year":2016,"subquota_number":119,"sum":10120.6739285714,"mean":30.1210533588,"max":39600.01,"count":336}
{"year":2017,"subquota_number":119,"sum":10206.9191705069,"mean":47.0364938733,"max":39000.0,"count":217}
