{"year":2009,"subquota_number":9,"sum":4019.5831072555,"mean":3.1700182234,"max":58000.0,"count":1268}
{"year":2010,"subquota_number":4,"sum":5673.6042193174,"mean":2.060132251,"max":60000.0,"count":2754}
{"year":2011,"subquota_number":8,"sum":1495.4033583691,"mean":1.6045100412,"max":4500.0,"count":932}
{"year":2012,"subquota_number":4,"sum":5292.1911561299,"mean":1.8484775257,"max":80000.0,"count":2863}
{"year":2013,"subquota_number":121,"sum":3831.6194444444,"mean":212.8677469136,"max":13600.0,"count":18}
{"year":2014,"subquota_number":121,"sum":3760.1098630137,"mean":51.5083542879,"max":30050.01,"count":73}
{"year":2015,"subquota_number":137,"sum":6801.4,"mean":2267.1333333333,"max":7604.2,"count":3}
{"year":2016,"subquota_number":137,"sum":5516.2728947368,"mean":145.1650761773,"max":7697.16,"count":38}
{"year":2017,"subquota_number":137,"sum":4055.9630434783,"mean":176.3462192817,"max":7697.16,"count":23}
