{"party":"AVANTE","year":2009,"sum":4493.8046969697,"mean":68.0879499541,"max":74000.0,"count":66}
{"party":"PROS","year":2010,"sum":3991.8313595166,"mean":12.0599134729,"max":48000.0,"count":331}
{"party":"PROS","year":2011,"sum":1252.207407729,"mean":0.5437287919,"max":44500.0,"count":2303}
{"party":"PROS","year":2012,"sum":1432.0560903733,"mean":0.7033674314,"max":50000.0,"count":2036}
{"party":"AVANTE","year":2013,"sum":1740.4576415094,"mean":3.2838823425,"max":35000.0,"count":530}
{"party":"AVANTE","year":2014,"sum":2297.0155263158,"mean":5.0373147507,"max":58500.0,"count":456}
{"party":"PRP","year":2015,"sum":12028.1666666667,"mean":2004.6944444444,"max":32790.0,"count":6}
{"party":"PRP","year":2016,"sum":8699.5446428571,"mean":310.6980229592,"max":28500.0,"count":28}
{"party":"PRP","year":2017,"sum":9742.458125,"mean":304.4518164063,"max":38000.0,"count":32}
