{"congressperson_name":"WELLINGTON ROBERTO","year":2009,"sum":344510.25,"mean":13250.3942307692,"max":71400.0}
{"congressperson_name":"URZENI ROCHA","year":2010,"sum":383158.9399999998,"mean":3115.1133333333,"max":23000.0}
{"congressperson_name":"WELLINGTON ROBERTO","year":2011,"sum":400055.78,"mean":12905.0251612903,"max":84500.0}
{"congressperson_name":"\u00c2NGELO AGNOLIN","year":2012,"sum":394079.57,"mean":3311.5930252101,"max":50000.0}
{"congressperson_name":"RAUL LIMA","year":2013,"sum":418348.99,"mean":6536.70296875,"max":23500.0}
{"congressperson_name":"RAUL LIMA","year":2014,"sum":485568.1,"mean":17341.7178571429,"max":55000.0}
{"congressperson_name":"MARCOS ROG\u00c9RIO","year":2015,"sum":518064.6500000004,"mean":841.0140422078,"max":26770.0}
{"congressperson_name":"ELIZEU DIONIZIO","year":2016,"sum":505356.3900000001,"mean":2168.9115450644,"max":10000.0}
{"congressperson_name":"MARCOS ROG\u00c9RIO","year":2017,"sum":402849.3600000002,"mean":1224.4661398176,"max":30000.0}