{"year":2009,"sum":90788886.3600043058,"mean":528.0204159542,"max":122850.0}
{"year":2010,"sum":120342357.7899990678,"mean":589.05015585,"max":141000.0}
{"year":2011,"sum":123783665.4700096548,"mean":580.1117517188,"max":197000.0}
{"year":2012,"sum":122734151.7000197619,"mean":622.9559164346,"max":215000.0}
{"year":2013,"sum":130954214.7100162655,"mean":674.4758865764,"max":197370.0}
{"year":2014,"sum":141044031.800011307,"mean":819.3374837346,"max":208320.0}
{"year":2015,"sum":156823842.7800024152,"mean":751.3275241102,"max":189600.0}
{"year":2016,"sum":165913878.620003581,"mean":825.3518451712,"max":184500.0}
{"year":2017,"sum":123122990.4200049937,"mean":815.6109011778,"max":79900.0}