{"year":2009,"subquota_number":9,"sum":4103.8750788644,"mean":3.2364945417,"max":58000.0,"count":1268}
{"year":2010,"subquota_number":4,"sum":5749.726681191,"mean":2.0877729416,"max":60000.0,"count":2754}
{"year":2011,"subquota_number":8,"sum":1572.4871781116,"mean":1.6872180023,"max":9000.0,"count":932}
{"year":2012,"subquota_number":4,"sum":5379.6203667482,"mean":1.8790151473,"max":80000.0,"count":2863}
{"year":2013,"subquota_number":121,"sum":3863.5544444444,"mean":214.6419135802,"max":13600.0,"count":18}
{"year":2014,"subquota_number":121,"sum":3760.7947945205,"mean":51.5177369112,"max":30050.0,"count":73}
{"year":2015,"subquota_number":137,"sum":7480.0,"mean":2493.3333333333,"max":9640.0,"count":3}
{"year":2016,"subquota_number":137,"sum":5931.1223684211,"mean":156.08216759,"max":12870.0,"count":38}
{"year":2017,"subquota_number":137,"sum":4529.9995652174,"mean":196.9565028355,"max":18600.0,"count":23}