{"year":2009,"subquota_number":1,"sum":11861074.790000096,"mean":640.7235733578,"max":11970.0,"count":18512}
{"year":2009,"subquota_number":2,"sum":5560361.2200000295,"mean":351.5211290934,"max":28200.0,"count":15818}
{"year":2009,"subquota_number":3,"sum":14253073.9699986931,"mean":199.544631937,"max":9601.18,"count":71428}
{"year":2009,"subquota_number":4,"sum":10853938.8599999994,"mean":4464.8041382147,"max":61000.0,"count":2431}
{"year":2009,"subquota_number":5,"sum":23060119.7800000198,"mean":3573.5502525957,"max":122850.0,"count":6453}
{"year":2009,"subquota_number":6,"sum":565211.2299999995,"mean":353.0363710181,"max":12089.0,"count":1601}
{"year":2009,"subquota_number":7,"sum":987255.0600000025,"mean":374.812095672,"max":26100.0,"count":2634}
{"year":2009,"subquota_number":8,"sum":744149.7499999994,"mean":1097.5660029499,"max":13500.0,"count":678}
{"year":2009,"subquota_number":9,"sum":5203713.6000000201,"mean":4103.8750788644,"max":58000.0,"count":1268}
{"year":2009,"subquota_number":10,"sum":8304818.5900000818,"mean":503.1698630718,"max":15996.5,"count":16505}
{"year":2009,"subquota_number":11,"sum":683841.850000002,"mean":390.3206906393,"max":36136.8,"count":1752}
{"year":2009,"subquota_number":12,"sum":91292.05,"mean":281.7655864198,"max":3000.0,"count":324}
{"year":2009,"subquota_number":13,"sum":842593.8200000008,"mean":66.8247934015,"max":5852.0,"count":12609}
{"year":2009,"subquota_number":14,"sum":969414.7900000003,"mean":261.5798138154,"max":6650.0,"count":3706}
{"year":2009,"subquota_number":15,"sum":8819555.5999997389,"mean":543.645170437,"max":23048.2,"count":16223}
{"year":2010,"subquota_number":1,"sum":15978539.9800002631,"mean":720.9231176683,"max":28203.0,"count":22164}
{"year":2010,"subquota_number":3,"sum":17033085.9999982566,"mean":222.2653913406,"max":8775.98,"count":76634}
{"year":2010,"subquota_number":4,"sum":15834747.2799999956,"mean":5749.726681191,"max":60000.0,"count":2754}
{"year":2010,"subquota_number":5,"sum":21461554.859999992,"mean":5340.0236028863,"max":141000.0,"count":4019}
{"year":2010,"subquota_number":8,"sum":1263315.1599999983,"mean":1383.6967798467,"max":13000.0,"count":913}
{"year":2010,"subquota_number":9,"sum":9233263.5799999889,"mean":4343.0214393227,"max":73000.0,"count":2126}
{"year":2010,"subquota_number":10,"sum":16380743.7000003681,"mean":544.1203687095,"max":13977.0,"count":30105}
{"year":2010,"subquota_number":11,"sum":1016589.5499999986,"mean":275.9472176982,"max":32094.3,"count":3684}
{"year":2010,"subquota_number":12,"sum":226547.3499999998,"mean":435.6679807692,"max":20000.0,"count":520}
{"year":2010,"subquota_number":13,"sum":1493892.7799999984,"mean":68.627929989,"max":2068.0,"count":21768}
{"year":2010,"subquota_number":14,"sum":1976949.4500000048,"mean":299.9923292868,"max":8050.0,"count":6590}
{"year":2010,"subquota_number":15,"sum":20831579.320000533,"mean":630.8394197808,"max":57333.0,"count":33022}
{"year":2011,"subquota_number":1,"sum":16614791.3100002296,"mean":770.0232335357,"max":26940.0,"count":21577}
{"year":2011,"subquota_number":3,"sum":17030579.1999978051,"mean":219.3672853738,"max":9848.66,"count":77635}
{"year":2011,"subquota_number":4,"sum":15822233.4600000009,"mean":5022.9312571429,"max":84500.0,"count":3150}
{"year":2011,"subquota_number":5,"sum":30266092.9600000046,"mean":3871.3344794065,"max":197000.0,"count":7818}
{"year":2011,"subquota_number":8,"sum":1465558.0499999996,"mean":1572.4871781116,"max":9000.0,"count":932}
{"year":2011,"subquota_number":9,"sum":5954222.2300000153,"mean":2003.4395121131,"max":67800.0,"count":2972}
{"year":2011,"subquota_number":10,"sum":12212635.570000194,"mean":483.2859347052,"max":6371.15,"count":25270}
{"year":2011,"subquota_number":11,"sum":1070847.9699999948,"mean":323.3236624396,"max":36326.2,"count":3312}
{"year":2011,"subquota_number":12,"sum":231710.5899999997,"mean":414.5091055456,"max":22500.0,"count":559}
{"year":2011,"subquota_number":13,"sum":1894178.6299999813,"mean":66.3483354934,"max":4510.0,"count":28549}
{"year":2011,"subquota_number":14,"sum":1894912.1999999953,"mean":352.3451468948,"max":19670.0,"count":5378}
{"year":2011,"subquota_number":15,"sum":22585991.3599998467,"mean":623.457403594,"max":34650.0,"count":36227}
{"year":2012,"subquota_number":1,"sum":18107595.7400001399,"mean":859.7282185927,"max":17000.0,"count":21062}
{"year":2012,"subquota_number":3,"sum":16524008.479997905,"mean":228.7946675528,"max":9975.23,"count":72222}
{"year":2012,"subquota_number":4,"sum":15401853.1099999975,"mean":5379.6203667482,"max":80000.0,"count":2863}
{"year":2012,"subquota_number":5,"sum":30230885.6999999844,"mean":4323.6392591533,"max":215000.0,"count":6992}
{"year":2012,"subquota_number":8,"sum":1126987.0499999989,"mean":1243.9150662252,"max":5729.0,"count":906}
{"year":2012,"subquota_number":9,"sum":5174005.0999999922,"mean":2475.6005263158,"max":63000.0,"count":2090}
{"year":2012,"subquota_number":10,"sum":11714056.9900001679,"mean":463.7393899446,"max":8037.21,"count":25260}
{"year":2012,"subquota_number":11,"sum":886670.2700000004,"mean":315.4287691213,"max":25884.0,"count":2811}
{"year":2012,"subquota_number":12,"sum":286331.5199999997,"mean":579.6184615385,"max":20750.4,"count":494}
{"year":2012,"subquota_number":13,"sum":1611626.5499999891,"mean":66.8336464295,"max":5696.0,"count":24114}
{"year":2012,"subquota_number":14,"sum":1740759.969999999,"mean":321.291984127,"max":9355.5,"count":5418}
{"year":2012,"subquota_number":15,"sum":22631970.6199984141,"mean":690.2726879555,"max":36000.0,"count":32787}
{"year":2013,"subquota_number":1,"sum":18904875.5399999768,"mean":926.8913286919,"max":18000.0,"count":20396}
{"year":2013,"subquota_number":3,"sum":16425591.6099977344,"mean":236.0812867943,"max":8837.67,"count":69576}
{"year":2013,"subquota_number":4,"sum":14692298.6199999992,"mean":6244.0708117297,"max":80000.0,"count":2353}
{"year":2013,"subquota_number":5,"sum":39253704.8499998972,"mean":3911.2898415703,"max":197370.0,"count":10036}
{"year":2013,"subquota_number":8,"sum":1147019.2299999993,"mean":1357.4192071006,"max":11000.0,"count":845}
{"year":2013,"subquota_number":9,"sum":3938621.5300000021,"mean":1959.513199005,"max":80000.0,"count":2010}
{"year":2013,"subquota_number":10,"sum":10604906.0500002839,"mean":439.9098207989,"max":7485.46,"count":24107}
{"year":2013,"subquota_number":11,"sum":828211.0500000003,"mean":354.2391146279,"max":27456.0,"count":2338}
{"year":2013,"subquota_number":12,"sum":143204.8699999998,"mean":355.3470719603,"max":3500.0,"count":403}
{"year":2013,"subquota_number":13,"sum":1845958.8399999593,"mean":69.2459614375,"max":4990.0,"count":26658}
{"year":2013,"subquota_number":14,"sum":1901931.8199999998,"mean":319.4913186629,"max":7731.0,"count":5953}
{"year":2013,"subquota_number":15,"sum":20941277.5200000405,"mean":767.5858632065,"max":34500.0,"count":27282}
{"year":2013,"subquota_number":119,"sum":715807.22,"mean":8624.183373494,"max":79000.0,"count":83}
{"year":2013,"subquota_number":120,"sum":773538.1300000002,"mean":3334.2160775862,"max":10800.0,"count":232}
{"year":2013,"subquota_number":121,"sum":69543.98,"mean":3863.5544444444,"max":13600.0,"count":18}
{"year":2013,"subquota_number":122,"sum":60512.11,"mean":33.6178388889,"max":1042.83,"count":1800}
{"year":2013,"subquota_number":123,"sum":6791.05,"mean":101.3589552239,"max":737.45,"count":67}
{"year":2014,"subquota_number":1,"sum":18984675.3099999428,"mean":1012.3540398869,"max":25400.0,"count":18753}
{"year":2014,"subquota_number":3,"sum":15632071.1599978264,"mean":238.6320722976,"max":11374.9,"count":65507}
{"year":2014,"subquota_number":4,"sum":18605372.4399999902,"mean":8099.8573966043,"max":90000.0,"count":2297}
{"year":2014,"subquota_number":5,"sum":47808013.9499999136,"mean":6617.0261522491,"max":208320.0,"count":7225}
{"year":2014,"subquota_number":8,"sum":1493525.7099999944,"mean":1812.5312014563,"max":13500.0,"count":824}
{"year":2014,"subquota_number":9,"sum":1157873.6599999934,"mean":827.6437884203,"max":18927.8,