{"year":2009,"party":"PMDB","sum":14464791.1799998805,"mean":158953.7492307679}
{"year":2010,"party":"PMDB","sum":19795070.5699996091,"mean":217528.2480219737}
{"year":2011,"party":"PT","sum":18553529.3499998227,"mean":168668.448636362}
{"year":2012,"party":"PT","sum":18693202.1299997196,"mean":214864.3922988473}
{"year":2013,"party":"PT","sum":20320821.0999995694,"mean":233572.6563218341}
{"year":2014,"party":"PT","sum":22609567.4600000717,"mean":248456.7852747261}
{"year":2015,"party":"PMDB","sum":18927637.6900000423,"mean":181996.5162500004}
{"year":2016,"party":"PMDB","sum":20391825.5799998455,"mean":271891.0077333313}
{"year":2017,"party":"PMDB","sum":14502752.7399999052,"mean":226605.5115624985}
