{"year":2009,"party":"PSL","sum":121528.47,"mean":121528.47}
{"year":2010,"party":"PTC","sum":443774.0899999999,"mean":147924.6966666666}
{"year":2011,"party":"PTC","sum":309304.9099999999,"mean":103101.6366666666}
{"year":2012,"party":"PRP","sum":369774.12,"mean":123258.04}
{"year":2013,"party":"S.PART.","sum":290318.8700000003,"mean":145159.4350000001}
{"year":2014,"party":"PSDC","sum":94647.67,"mean":94647.67}
{"year":2015,"party":"PTdoB","sum":4404.38,"mean":4404.38}
{"year":2016,"party":"PRTB","sum":148219.32,"mean":148219.32}
{"year":2017,"party":"PSL","sum":499630.3100000002,"mean":166543.4366666667}
