{"year":2009,"party":"AVANTE","sum":4433.5613636364,"mean":67.1751721763,"max":74000.0,"count":66}
{"year":2010,"party":"AVANTE","sum":3109.1080821918,"mean":21.2952608369,"max":35000.0,"count":146}
{"year":2011,"party":"PODE","sum":1054.2972460938,"mean":2.0591743088,"max":18500.0,"count":512}
{"year":2012,"party":"PTdoB","sum":850.9433478261,"mean":3.6997536862,"max":31200.0,"count":230}
{"year":2013,"party":"AVANTE","sum":1723.8858867925,"mean":3.2526148807,"max":35000.0,"count":530}
{"year":2014,"party":"PSDC","sum":965.7925510204,"mean":9.8550260308,"max":20000.0,"count":98}
{"year":2015,"party":"PRP","sum":12015.0,"mean":2002.5,"max":32790.0,"count":6}
{"year":2016,"party":"PRP","sum":8699.5442857143,"mean":310.6980102041,"max":28500.0,"count":28}
{"year":2017,"party":"PRP","sum":9742.458125,"mean":304.4518164063,"max":38000.0,"count":32}
