{"year":2009,"party":"PMN","sum":447156.1600000001,"mean":223578.08}
{"year":2010,"party":"PMN","sum":586147.38,"mean":293073.69}
{"year":2011,"party":"PODE","sum":539800.1900000002,"mean":269900.0950000001}
{"year":2012,"party":"PRB","sum":3710152.9399999939,"mean":285396.3799999995}
{"year":2013,"party":"PRP","sum":681236.6500000004,"mean":340618.3250000002}
{"year":2014,"party":"PRP","sum":725180.9400000002,"mean":362590.4700000001}
{"year":2015,"party":"PHS","sum":2156846.3600000222,"mean":308120.9085714318}
{"year":2016,"party":"PHS","sum":2429788.1700000172,"mean":347112.5957142882}
{"year":2017,"party":"PRP","sum":311758.66,"mean":311758.66}
