{"index":0,"year":2009,"subquota_number":1,"sum":640.7235733578,"mean":0.0346112561,"max":11970.0,"count":18512}
{"index":1,"year":2009,"subquota_number":2,"sum":351.5211290934,"mean":0.0222228556,"max":28200.0,"count":15818}
{"index":2,"year":2009,"subquota_number":3,"sum":199.544631937,"mean":0.0027936472,"max":9601.18,"count":71428}
{"index":3,"year":2009,"subquota_number":4,"sum":4464.8041382147,"mean":1.8366121506,"max":61000.0,"count":2431}
{"index":4,"year":2009,"subquota_number":5,"sum":3573.5502525957,"mean":0.5537812262,"max":122850.0,"count":6453}
{"index":5,"year":2009,"subquota_number":6,"sum":353.0363710181,"mean":0.2205099132,"max":12089.0,"count":1601}
{"index":6,"year":2009,"subquota_number":7,"sum":374.812095672,"mean":0.1422976825,"max":26100.0,"count":2634}
{"index":7,"year":2009,"subquota_number":8,"sum":1097.5660029499,"mean":1.6188289129,"max":13500.0,"count":678}
{"index":8,"year":2009,"subquota_number":9,"sum":4103.8750788644,"mean":3.2364945417,"max":58000.0,"count":1268}
{"index":9,"year":2009,"subquota_number":10,"sum":503.1698630718,"mean":0.0304859051,"max":15996.5,"count":16505}
{"index":10,"year":2009,"subquota_number":11,"sum":390.3206906393,"mean":0.2227857823,"max":36136.8,"count":1752}
{"index":11,"year":2009,"subquota_number":12,"sum":281.7655864198,"mean":0.8696468717,"max":3000.0,"count":324}
{"index":12,"year":2009,"subquota_number":13,"sum":66.8247934015,"mean":0.0052997695,"max":5852.0,"count":12609}
{"index":13,"year":2009,"subquota_number":14,"sum":261.5798138154,"mean":0.0705827884,"max":6650.0,"count":3706}
{"index":14,"year":2009,"subquota_number":15,"sum":543.645170437,"mean":0.0335107668,"max":23048.2,"count":16223}
{"index":15,"year":2010,"subquota_number":1,"sum":720.9231176683,"mean":0.0325267604,"max":28203.0,"count":22164}
{"index":16,"year":2010,"subquota_number":3,"sum":222.2653913406,"mean":0.0029003496,"max":8775.98,"count":76634}
{"index":17,"year":2010,"subquota_number":4,"sum":5749.726681191,"mean":2.0877729416,"max":60000.0,"count":2754}
{"index":18,"year":2010,"subquota_number":5,"sum":5340.0236028863,"mean":1.3286946014,"max":141000.0,"count":4019}
{"index":19,"year":2010,"subquota_number":8,"sum":1383.6967798467,"mean":1.5155495946,"max":13000.0,"count":913}
{"index":20,"year":2010,"subquota_number":9,"sum":4343.0214393227,"mean":2.042813471,"max":73000.0,"count":2126}
{"index":21,"year":2010,"subquota_number":10,"sum":544.1203687095,"mean":0.0180740863,"max":13977.0,"count":30105}
{"index":22,"year":2010,"subquota_number":11,"sum":275.9472176982,"mean":0.0749042393,"max":32094.3,"count":3684}
{"index":23,"year":2010,"subquota_number":12,"sum":435.6679807692,"mean":0.8378230399,"max":20000.0,"count":520}
{"index":24,"year":2010,"subquota_number":13,"sum":68.627929989,"mean":0.003152698,"max":2068.0,"count":21768}
{"index":25,"year":2010,"subquota_number":14,"sum":299.9923292868,"mean":0.0455223565,"max":8050.0,"count":6590}
{"index":26,"year":2010,"subquota_number":15,"sum":630.8394197808,"mean":0.0191036103,"max":57333.0,"count":33022}
{"index":27,"year":2011,"subquota_number":1,"sum":770.0232335357,"mean":0.0356872241,"max":26940.0,"count":21577}
{"index":28,"year":2011,"subquota_number":3,"sum":219.3672853738,"mean":0.0028256236,"max":9848.66,"count":77635}
{"index":29,"year":2011,"subquota_number":4,"sum":5022.9312571429,"mean":1.5945813515,"max":84500.0,"count":3150}
{"index":30,"year":2011,"subquota_number":5,"sum":3871.3344794065,"mean":0.4951822051,"max":197000.0,"count":7818}
{"index":31,"year":2011,"subquota_number":8,"sum":1572.4871781116,"mean":1.6872180023,"max":9000.0,"count":932}
{"index":32,"year":2011,"subquota_number":9,"sum":2003.4395121131,"mean":0.6741048157,"max":67800.0,"count":2972}
{"index":33,"year":2011,"subquota_number":10,"sum":483.2859347052,"mean":0.0191248886,"max":6371.15,"count":25270}
{"index":34,"year":2011,"subquota_number":11,"sum":323.3236624396,"mean":0.0976218788,"max":36326.2,"count":3312}
{"index":35,"year":2011,"subquota_number":12,"sum":414.5091055456,"mean":0.7415189724,"max":22500.0,"count":559}
{"index":36,"year":2011,"subquota_number":13,"sum":66.3483354934,"mean":0.0023240161,"max":4510.0,"count":28549}
{"index":37,"year":2011,"subquota_number":14,"sum":352.3451468948,"mean":0.0655160184,"max":19670.0,"count":5378}
{"index":38,"year":2011,"subquota_number":15,"sum":623.457403594,"mean":0.0172097442,"max":34650.0,"count":36227}
{"index":39,"year":2012,"subquota_number":1,"sum":859.7282185927,"mean":0.040818926,"max":17000.0,"count":21062}
{"index":40,"year":2012,"subquota_number":3,"sum":228.7946675528,"mean":0.0031679359,"max":9975.23,"count":72222}
{"index":41,"year":2012,"subquota_number":4,"sum":5379.6203667482,"mean":1.8790151473,"max":80000.0,"count":2863}
{"index":42,"year":2012,"subquota_number":5,"sum":4323.6392591533,"mean":0.6183694593,"max":215000.0,"count":6992}
{"index":43,"year":2012,"subquota_number":8,"sum":1243.9150662252,"mean":1.3729746868,"max":5729.0,"count":906}
{"index":44,"year":2012,"subquota_number":9,"sum":2475.6005263158,"mean":1.1844978595,"max":63000.0,"count":2090}
{"index":45,"year":2012,"subquota_number":10,"sum":463.7393899446,"mean":0.0183586457,"max":8037.21,"count":25260}
{"index":46,"year":2012,"subquota_number":11,"sum":315.4287691213,"mean":0.1122122978,"max":25884.0,"count":2811}
{"index":47,"year":2012,"subquota_number":12,"sum":579.6184615385,"mean":1.1733167238,"max":20750.4,"count":494}
{"index":48,"year":2012,"subquota_number":13,"sum":66.8336464295,"mean":0.0027715703,"max":5696.0,"count":24114}
{"index":49,"year":2012,"subquota_number":14,"sum":321.291984127,"mean":0.0593008461,"max":9355.5,"count":5418}
{"index":50,"year":2012,"subquota_number":15,"sum":690.2726879555,"mean":0.0210532433,"max":36000.0,"count":32787}
{"index":51,"year":2013,"subquota_number":1,"sum":926.8913286919,"mean":0.0454447602,"max":18000.0,"count":20396}
{"index":52,"year":2013,"subquota_number":3,"sum":236.0812867943,"mean":0.0033931426,"max":8837.67,"count":69576}
{"index":53,"year":2013,"subquota_number":4,"sum":6244.0708117297,"mean":2.6536637534,"max":80000.0,"count":2353}
{"index":54,"year":2013,"subquota_number":5,"sum":3911.2898415703,"mean":0.3897259707,"max":197370.0,"count":10036}
{"index":55,"year":2013,"subquota_number":8,"sum":1357.4192071006,"mean":1.6064132628,"max":11000.0,"count":845}
{"index":56,"year":2013,"subquota_number":9,"sum":1959.513199005,"mean":0.9748821886,"max":80000.0,"count":2010}
{"index":57,"year":2013,"subquota_number":10,"sum":439.9098207989,"mean":0.0182482192,"max":7485.46,"count":24107}
{"index":58,"year":2013,"subquota_number":11,"sum":354.2391146279,"mean":0.1515137359,"max":27456.0,"count":2338}
{"index":59,"year":2013,"subquota_number":12,"sum":355.3470719603,"mean":0.881754521,"max":3500.0,"count":403}
{"index":60,"year":2013,"subquota_number":13,"sum":69.2459614375,"mean":0.0025975678,"max":4990.0,"count":26658}
{"index":61,"year":2013,"subquota_number":14,"sum":319.4913186629,"mean":0.05366896,"max":7731.0,"count":5953}
{"index":62,"year":2013,"subquota_number":15,"sum":767.5858632065,"mean":0.028135249,"max":34500.0,"count":27282}
{"index":63,"year":2013,"subquota_number":119,"sum":8624.183373494,"mean":103.905823777,"max":79000.0,"count":83}
{"index":64,"year":2013,"subquota_number":120,"sum":3334.2160775862,"mean":14.3716210241,"max":10800.0,"count":232}
{"index":65,"year":2013,"subquota_number":121,"sum":3863.5544444444,"mean":214.6419135802,"max":13600.0,"count":18}
{"index":66,"year":2013,"subquota_number":122,"sum":33.6178388889,"mean":0.0186765772,"max":1042.83,"count":1800}
{"index":67,"year":2013,"subquota_number":123,"sum":101.3589552239,"mean":1.5128202272,"max":737.45,"count":67}
{"index":68,"year":2014,"subquota_number":1,"sum":1012.3540398869,"mean":0.0539835781,"max":25400.0,"count":18753}
{"index":69,"year":2014,"subquota_number":3,"sum":238.6320722976,"mean":0.0036428484,"max":11374.9,"count":65507}
{"index":70,"year":2014,"subquota_number":4,