{"year":2009,"sum":92800414.9600046128,"mean":539.7192946459,"max":122850.0}
{"year":2010,"sum":122730809.0099985749,"mean":600.7411147876,"max":141000.0}
{"year":2011,"sum":127043753.5300089866,"mean":595.3901439692,"max":197000.0}
{"year":2012,"sum":125436751.1000215709,"mean":636.6733721114,"max":215000.0}
{"year":2013,"sum":132253794.0200157762,"mean":681.1693321385,"max":197370.0}
{"year":2014,"sum":142524311.7900117934,"mean":827.9365635167,"max":208320.0}
{"year":2015,"sum":158192866.1700030565,"mean":757.8863798035,"max":189600.0}
{"year":2016,"sum":167156477.3400030136,"mean":831.5332517834,"max":184500.0}
{"year":2017,"sum":123813094.640005365,"mean":820.1823993429,"max":79900.0}