{"year":2009,"subquota_number":1,"sum":11589050.000000082,"mean":626.0290622299,"max":11970.0,"count":18512}
{"year":2009,"subquota_number":2,"sum":5410239.8700000327,"mean":342.0305898344,"max":28200.0,"count":15818}
{"year":2009,"subquota_number":3,"sum":13920431.0299987588,"mean":194.8875935207,"max":4500.0,"count":71428}
{"year":2009,"subquota_number":4,"sum":10659997.0199999958,"mean":4385.0255121349,"max":61000.0,"count":2431}
{"year":2009,"subquota_number":5,"sum":22682149.8900000267,"mean":3514.9775127848,"max":122850.0,"count":6453}
{"year":2009,"subquota_number":6,"sum":545640.83,"mean":340.8125109307,"max":12089.0,"count":1601}
{"year":2009,"subquota_number":7,"sum":949301.0700000033,"mean":360.4028359909,"max":20693.0,"count":2634}
{"year":2009,"subquota_number":8,"sum":712373.2599999994,"mean":1050.6980235988,"max":5111.28,"count":678}
{"year":2009,"subquota_number":9,"sum":5096831.3800000167,"mean":4019.5831072555,"max":58000.0,"count":1268}
{"year":2009,"subquota_number":10,"sum":7993239.3000000697,"mean":484.291990306,"max":15996.5,"count":16505}
{"year":2009,"subquota_number":11,"sum":676242.000000002,"mean":385.9828767123,"max":36136.8,"count":1752}
{"year":2009,"subquota_number":12,"sum":90786.87,"mean":280.2063888889,"max":3000.0,"count":324}
{"year":2009,"subquota_number":13,"sum":824909.0000000008,"mean":65.4222380839,"max":5852.0,"count":12609}
{"year":2009,"subquota_number":14,"sum":937311.0700000001,"mean":252.9171802482,"max":6650.0,"count":3706}
{"year":2009,"subquota_number":15,"sum":8700383.7699997704,"mean":536.299313937,"max":23048.2,"count":16223}
{"year":2010,"subquota_number":1,"sum":15672010.450000206,"mean":707.0930540516,"max":25454.5,"count":22164}
{"year":2010,"subquota_number":3,"sum":16521589.5899982546,"mean":215.5908551035,"max":4500.0,"count":76634}
{"year":2010,"subquota_number":4,"sum":15625106.0199999902,"mean":5673.6042193174,"max":60000.0,"count":2754}
{"year":2010,"subquota_number":5,"sum":21055666.1300000064,"mean":5239.0311346106,"max":141000.0,"count":4019}
{"year":2010,"subquota_number":8,"sum":1191138.0999999978,"mean":1304.6419496166,"max":4500.0,"count":913}
{"year":2010,"subquota_number":9,"sum":9105608.959999986,"mean":4282.9769332079,"max":65040.4,"count":2126}
{"year":2010,"subquota_number":10,"sum":16023093.9100005459,"mean":532.2402893207,"max":13968.1,"count":30105}
{"year":2010,"subquota_number":11,"sum":1005494.9099999968,"mean":272.9356433225,"max":32094.3,"count":3684}
{"year":2010,"subquota_number":12,"sum":224082.5899999998,"mean":430.9280576923,"max":20000.0,"count":520}
{"year":2010,"subquota_number":13,"sum":1456023.8099999982,"mean":66.8882676406,"max":2068.0,"count":21768}
{"year":2010,"subquota_number":14,"sum":1921963.5200000047,"mean":291.6484855842,"max":8050.0,"count":6590}
{"year":2010,"subquota_number":15,"sum":20540579.8000004888,"mean":622.0271273696,"max":57333.0,"count":33022}
{"year":2011,"subquota_number":1,"sum":16210367.3700003289,"mean":751.2799448487,"max":26940.0,"count":21577}
{"year":2011,"subquota_number":3,"sum":16582785.4199978076,"mean":213.5993484897,"max":4500.0,"count":77635}
{"year":2011,"subquota_number":4,"sum":15500523.2399999984,"mean":4920.8010285714,"max":72000.0,"count":3150}
{"year":2011,"subquota_number":5,"sum":29461975.8800000139,"mean":3768.4799027884,"max":197000.0,"count":7818}
{"year":2011,"subquota_number":8,"sum":1393715.9299999999,"mean":1495.4033583691,"max":4500.0,"count":932}
{"year":2011,"subquota_number":9,"sum":5715617.570000018,"mean":1923.1553061911,"max":40484.4,"count":2972}
{"year":2011,"subquota_number":10,"sum":11850649.3600002322,"mean":468.9611935101,"max":6309.56,"count":25270}
{"year":2011,"subquota_number":11,"sum":1057587.1799999962,"mean":319.3198007246,"max":36326.2,"count":3312}
{"year":2011,"subquota_number":12,"sum":230739.2399999997,"mean":412.7714490161,"max":22500.0,"count":559}
{"year":2011,"subquota_number":13,"sum":1826984.1899999822,"mean":63.9946824757,"max":4510.0,"count":28549}
{"year":2011,"subquota_number":14,"sum":1809241.2199999946,"mean":336.4152510227,"max":6976.05,"count":5378}
{"year":2011,"subquota_number":15,"sum":22143478.8699997738,"mean":611.2424122892,"max":34650.0,"count":36227}
{"year":2012,"subquota_number":1,"sum":17556527.1100002155,"mean":833.5641016998,"max":17000.0,"count":21062}
{"year":2012,"subquota_number":3,"sum":16133326.9599979278,"mean":223.3852144776,"max":4500.75,"count":72222}
{"year":2012,"subquota_number":4,"sum":15151543.2799999993,"mean":5292.1911561299,"max":80000.0,"count":2863}
{"year":2012,"subquota_number":5,"sum":29834933.6299999803,"mean":4267.009958524,"max":215000.0,"count":6992}
{"year":2012,"subquota_number":8,"sum":1086378.9599999997,"mean":1199.0937748344,"max":4500.0,"count":906}
{"year":2012,"subquota_number":9,"sum":4948370.2800000049,"mean":2367.6412822967,"max":49275.0,"count":2090}
{"year":2012,"subquota_number":10,"sum":11355508.8900002949,"mean":449.5450866983,"max":8037.21,"count":25260}
{"year":2012,"subquota_number":11,"sum":871509.5300000005,"mean":310.0354073284,"max":25551.0,"count":2811}
{"year":2012,"subquota_number":12,"sum":283393.6599999997,"mean":573.6713765182,"max":20750.4,"count":494}
{"year":2012,"subquota_number":13,"sum":1557523.1099999892,"mean":64.5899937795,"max":5696.0,"count":24114}
{"year":2012,"subquota_number":14,"sum":1694494.5399999989,"mean":312.7527759321,"max":9316.2,"count":5418}
{"year":2012,"subquota_number":15,"sum":22260641.7499984205,"mean":678.9471970598,"max":27000.0,"count":32787}
{"year":2013,"subquota_number":1,"sum":18654426.9399999864,"mean":914.6120288292,"max":18000.0,"count":20396}
{"year":2013,"subquota_number":3,"sum":16053119.3599977605,"mean":230.7278279866,"max":4507.0,"count":69576}
{"year":2013,"subquota_number":4,"sum":14661145.1900000013,"mean":6230.8309349766,"max":80000.0,"count":2353}
{"year":2013,"subquota_number":5,"sum":39138875.7799998894,"mean":3899.8481247509,"max":197370.0,"count":10036}
{"year":2013,"subquota_number":8,"sum":1094025.6899999992,"mean":1294.7049585799,"max":9000.0,"count":845}
{"year":2013,"subquota_number":9,"sum":3883014.1100000031,"mean":1931.8478159204,"max":80000.0,"count":2010}
{"year":2013,"subquota_number":10,"sum":10325681.9300003573,"mean":428.3271219978,"max":7055.48,"count":24107}
{"year":2013,"subquota_number":11,"sum":821614.5900000007,"mean":351.4177031651,"max":27456.0,"count":2338}
{"year":2013,"subquota_number":12,"sum":143152.9999999999,"mean":355.2183622829,"max":3500.0,"count":403}
{"year":2013,"subquota_number":13,"sum":1806395.7899999614,"mean":67.761864731,"max":4990.0,"count":26658}
{"year":2013,"subquota_number":14,"sum":1864606.2700000009,"mean":313.2212783471,"max":7000.0,"count":5953}
{"year":2013,"subquota_number":15,"sum":20899113.4400000535,"mean":766.0403724067,"max":34500.0,"count":27282}
{"year":2013,"subquota_number":119,"sum":714143.8199999999,"mean":8604.1424096386,"max":79000.0,"count":83}
{"year":2013,"subquota_number":120,"sum":758858.3300000002,"mean":3270.9410775862,"max":10000.0,"count":232}
{"year":2013,"subquota_number":121,"sum":68969.15,"mean":3831.6194444444,"max":13600.0,"count":18}
{"year":2013,"subquota_number":122,"sum":60280.27,"mean":33.4890388889,"max":1042.83,"count":1800}
{"year":2013,"subquota_number":123,"sum":6791.05,"mean":101.3589552239,"max":737.45,"count":67}
{"year":2014,"subquota_number":1,"sum":18723472.5699999742,"mean":998.4254556604,"max":25400.0,"count":18753}
{"year":2014,"subquota_number":3,"sum":15202255.6299979258,"mean":232.0707043522,"max":4500.0,"count":65507}
{"year":2014,"subquota_number":4,"sum":18569706.7999999933,"mean":8084.3303439269,"max":90000.0,"count":2297}
{"year":2014,"subquota_number":5,"sum":47724277.79999993,"mean":6605.4363737024,"max":208320.0,"count":7225}
{"year":2014,"subquota_number":8,"sum":1445518.8099999949,"mean":1754.2704004854,"max":13500.0,"count":824}
{"year":2014,"subquota_number":9,"sum":1145872.3199999935,"mean":819.0652751966,"max":18927.76,