{"year":2009,"party":"PT","sum":441.4200797554,"mean":0.0146690177,"max":93000.0,"count":30092}
{"year":2010,"party":"PT","sum":516.9211647813,"mean":0.0156349031,"max":120000.0,"count":33062}
{"year":2011,"party":"PT","sum":489.3582673946,"mean":0.0129070599,"max":194100.0,"count":37914}
{"year":2012,"party":"PT","sum":508.3818909437,"mean":0.0138259965,"max":162580.0,"count":36770}
{"year":2013,"party":"PT","sum":548.1595074317,"mean":0.0147867473,"max":89940.0,"count":37071}
{"year":2014,"party":"PT","sum":667.2244425426,"mean":0.0196902686,"max":96890.0,"count":33886}
{"year":2015,"party":"PT","sum":578.949669097,"mean":0.0191003157,"max":137900.0,"count":30311}
{"year":2016,"party":"PT","sum":610.0256635172,"mean":0.0199439521,"max":87000.0,"count":30587}
{"year":2017,"party":"PT","sum":571.284449341,"mean":0.0228870818,"max":45000.0,"count":24961}
