{"party":"AVANTE","year":2009,"sum":4493.8046969697,"mean":68.0879499541,"max":74000.0,"count":66}
{"party":"AVANTE","year":2010,"sum":3118.5044520548,"mean":21.3596195346,"max":35000.0,"count":146}
{"party":"PODE","year":2011,"sum":1080.1372851563,"mean":2.1096431351,"max":18500.0,"count":512}
{"party":"PTdoB","year":2012,"sum":852.4529130435,"mean":3.7063170132,"max":31200.0,"count":230}
{"party":"AVANTE","year":2013,"sum":1740.4576415094,"mean":3.2838823425,"max":35000.0,"count":530}
{"party":"PSDC","year":2014,"sum":966.0986734694,"mean":9.8581497293,"max":20000.0,"count":98}
{"party":"PRP","year":2015,"sum":12028.1666666667,"mean":2004.6944444444,"max":32790.0,"count":6}
{"party":"PRP","year":2016,"sum":8699.5446428571,"mean":310.6980229592,"max":28500.0,"count":28}
{"party":"PRP","year":2017,"sum":9742.458125,"mean":304.4518164063,"max":38000.0,"count":32}