{"year":2009,"party":"AVANTE","sum":4433.5613636364,"mean":67.1751721763,"max":74000.0,"count":66}
{"year":2010,"party":"PROS","sum":3921.1946223565,"mean":11.8465094331,"max":48000.0,"count":331}
{"year":2011,"party":"PROS","sum":1223.376148502,"mean":0.5312097909,"max":44500.0,"count":2303}
{"year":2012,"party":"PROS","sum":1388.8330943026,"mean":0.682138062,"max":50000.0,"count":2036}
{"year":2013,"party":"AVANTE","sum":1723.8858867925,"mean":3.2526148807,"max":35000.0,"count":530}
{"year":2014,"party":"AVANTE","sum":2263.3044517544,"mean":4.9633869556,"max":58500.0,"count":456}
{"year":2015,"party":"PRP","sum":12015.0,"mean":2002.5,"max":32790.0,"count":6}
{"year":2016,"party":"PRP","sum":8699.5442857143,"mean":310.6980102041,"max":28500.0,"count":28}
{"year":2017,"party":"PRP","sum":9742.458125,"mean":304.4518164063,"max":38000.0,"count":32}
