{"year":2009,"congressperson_name":"WALDIR MARANH\u00c3O","sum":30180.0,"mean":15090.0,"max":26000.0}
{"year":2010,"congressperson_name":"SILAS C\u00c2MARA","sum":287950.81,"mean":31994.5344444444,"max":93000.0}
{"year":2011,"congressperson_name":"FERNANDO DE FABINHO","sum":28952.0,"mean":28952.0,"max":28952.0}
{"year":2012,"congressperson_name":"WELLINGTON ROBERTO","sum":362900.0,"mean":20161.1111111111,"max":80000.0}
{"year":2013,"congressperson_name":"SABINO CASTELO BRANCO","sum":296800.0,"mean":42400.0,"max":80000.0}
{"year":2014,"congressperson_name":"SABINO CASTELO BRANCO","sum":373950.01,"mean":62325.0016666667,"max":184500.0}
{"year":2015,"congressperson_name":"ARNALDO FARIA DE S\u00c1","sum":219620.0,"mean":109810.0,"max":189600.0}
{"year":2016,"congressperson_name":"WLADIMIR COSTA","sum":235282.99,"mean":18098.6915384615,"max":72200.0}
{"year":2017,"congressperson_name":"SILAS C\u00c2MARA","sum":322327.1,"mean":18960.4176470588,"max":37578.6}
