{"index":0,"year":2009,"subquota_number":1,"sum":626.0290622299,"mean":0.0338174731,"max":11970.0,"count":18512}
{"index":1,"year":2009,"subquota_number":2,"sum":342.0305898344,"mean":0.021622872,"max":28200.0,"count":15818}
{"index":2,"year":2009,"subquota_number":3,"sum":194.8875935207,"mean":0.0027284481,"max":4500.0,"count":71428}
{"index":3,"year":2009,"subquota_number":4,"sum":4385.0255121349,"mean":1.8037949453,"max":61000.0,"count":2431}
{"index":4,"year":2009,"subquota_number":5,"sum":3514.9775127848,"mean":0.544704403,"max":122850.0,"count":6453}
{"index":5,"year":2009,"subquota_number":6,"sum":340.8125109307,"mean":0.2128747726,"max":12089.0,"count":1601}
{"index":6,"year":2009,"subquota_number":7,"sum":360.4028359909,"mean":0.1368271967,"max":20693.0,"count":2634}
{"index":7,"year":2009,"subquota_number":8,"sum":1050.6980235988,"mean":1.5497020997,"max":5111.28,"count":678}
{"index":8,"year":2009,"subquota_number":9,"sum":4019.5831072555,"mean":3.1700182234,"max":58000.0,"count":1268}
{"index":9,"year":2009,"subquota_number":10,"sum":484.291990306,"mean":0.0293421382,"max":15996.5,"count":16505}
{"index":10,"year":2009,"subquota_number":11,"sum":385.9828767123,"mean":0.2203098611,"max":36136.8,"count":1752}
{"index":11,"year":2009,"subquota_number":12,"sum":280.2063888889,"mean":0.8648345336,"max":3000.0,"count":324}
{"index":12,"year":2009,"subquota_number":13,"sum":65.4222380839,"mean":0.005188535,"max":5852.0,"count":12609}
{"index":13,"year":2009,"subquota_number":14,"sum":252.9171802482,"mean":0.0682453266,"max":6650.0,"count":3706}
{"index":14,"year":2009,"subquota_number":15,"sum":536.299313937,"mean":0.0330579618,"max":23048.2,"count":16223}
{"index":15,"year":2010,"subquota_number":1,"sum":707.0930540516,"mean":0.0319027727,"max":25454.5,"count":22164}
{"index":16,"year":2010,"subquota_number":3,"sum":215.5908551035,"mean":0.0028132533,"max":4500.0,"count":76634}
{"index":17,"year":2010,"subquota_number":4,"sum":5673.6042193174,"mean":2.060132251,"max":60000.0,"count":2754}
{"index":18,"year":2010,"subquota_number":5,"sum":5239.0311346106,"mean":1.3035658459,"max":141000.0,"count":4019}
{"index":19,"year":2010,"subquota_number":8,"sum":1304.6419496166,"mean":1.4289616097,"max":4500.0,"count":913}
{"index":20,"year":2010,"subquota_number":9,"sum":4282.9769332079,"mean":2.0145705236,"max":65040.4,"count":2126}
{"index":21,"year":2010,"subquota_number":10,"sum":532.2402893207,"mean":0.0176794649,"max":13968.1,"count":30105}
{"index":22,"year":2010,"subquota_number":11,"sum":272.9356433225,"mean":0.0740867653,"max":32094.3,"count":3684}
{"index":23,"year":2010,"subquota_number":12,"sum":430.9280576923,"mean":0.8287078033,"max":20000.0,"count":520}
{"index":24,"year":2010,"subquota_number":13,"sum":66.8882676406,"mean":0.0030727797,"max":2068.0,"count":21768}
{"index":25,"year":2010,"subquota_number":14,"sum":291.6484855842,"mean":0.0442562194,"max":8050.0,"count":6590}
{"index":26,"year":2010,"subquota_number":15,"sum":622.0271273696,"mean":0.0188367491,"max":57333.0,"count":33022}
{"index":27,"year":2011,"subquota_number":1,"sum":751.2799448487,"mean":0.0348185542,"max":26940.0,"count":21577}
{"index":28,"year":2011,"subquota_number":3,"sum":213.5993484897,"mean":0.002751328,"max":4500.0,"count":77635}
{"index":29,"year":2011,"subquota_number":4,"sum":4920.8010285714,"mean":1.5621590567,"max":72000.0,"count":3150}
{"index":30,"year":2011,"subquota_number":5,"sum":3768.4799027884,"mean":0.4820260812,"max":197000.0,"count":7818}
{"index":31,"year":2011,"subquota_number":8,"sum":1495.4033583691,"mean":1.6045100412,"max":4500.0,"count":932}
{"index":32,"year":2011,"subquota_number":9,"sum":1923.1553061911,"mean":0.6470912874,"max":40484.4,"count":2972}
{"index":33,"year":2011,"subquota_number":10,"sum":468.9611935101,"mean":0.0185580211,"max":6309.56,"count":25270}
{"index":34,"year":2011,"subquota_number":11,"sum":319.3198007246,"mean":0.0964129833,"max":36326.2,"count":3312}
{"index":35,"year":2011,"subquota_number":12,"sum":412.7714490161,"mean":0.7384104634,"max":22500.0,"count":559}
{"index":36,"year":2011,"subquota_number":13,"sum":63.9946824757,"mean":0.0022415735,"max":4510.0,"count":28549}
{"index":37,"year":2011,"subquota_number":14,"sum":336.4152510227,"mean":0.0625539701,"max":6976.05,"count":5378}
{"index":38,"year":2011,"subquota_number":15,"sum":611.2424122892,"mean":0.016872565,"max":34650.0,"count":36227}
{"index":39,"year":2012,"subquota_number":1,"sum":833.5641016998,"mean":0.0395766832,"max":17000.0,"count":21062}
{"index":40,"year":2012,"subquota_number":3,"sum":223.3852144776,"mean":0.0030930356,"max":4500.75,"count":72222}
{"index":41,"year":2012,"subquota_number":4,"sum":5292.1911561299,"mean":1.8484775257,"max":80000.0,"count":2863}
{"index":42,"year":2012,"subquota_number":5,"sum":4267.009958524,"mean":0.610270303,"max":215000.0,"count":6992}
{"index":43,"year":2012,"subquota_number":8,"sum":1199.0937748344,"mean":1.3235030627,"max":4500.0,"count":906}
{"index":44,"year":2012,"subquota_number":9,"sum":2367.6412822967,"mean":1.1328427188,"max":49275.0,"count":2090}
{"index":45,"year":2012,"subquota_number":10,"sum":449.5450866983,"mean":0.0177967176,"max":8037.21,"count":25260}
{"index":46,"year":2012,"subquota_number":11,"sum":310.0354073284,"mean":0.1102936348,"max":25551.0,"count":2811}
{"index":47,"year":2012,"subquota_number":12,"sum":573.6713765182,"mean":1.1612780901,"max":20750.4,"count":494}
{"index":48,"year":2012,"subquota_number":13,"sum":64.5899937795,"mean":0.0026785267,"max":5696.0,"count":24114}
{"index":49,"year":2012,"subquota_number":14,"sum":312.7527759321,"mean":0.0577247648,"max":9316.2,"count":5418}
{"index":50,"year":2012,"subquota_number":15,"sum":678.9471970598,"mean":0.020707817,"max":27000.0,"count":32787}
{"index":51,"year":2013,"subquota_number":1,"sum":914.6120288292,"mean":0.0448427157,"max":18000.0,"count":20396}
{"index":52,"year":2013,"subquota_number":3,"sum":230.7278279866,"mean":0.0033161985,"max":4507.0,"count":69576}
{"index":53,"year":2013,"subquota_number":4,"sum":6230.8309349766,"mean":2.6480369464,"max":80000.0,"count":2353}
{"index":54,"year":2013,"subquota_number":5,"sum":3899.8481247509,"mean":0.3885859032,"max":197370.0,"count":10036}
{"index":55,"year":2013,"subquota_number":8,"sum":1294.7049585799,"mean":1.5321952173,"max":9000.0,"count":845}
{"index":56,"year":2013,"subquota_number":9,"sum":1931.8478159204,"mean":0.9611183164,"max":80000.0,"count":2010}
{"index":57,"year":2013,"subquota_number":10,"sum":428.3271219978,"mean":0.0177677489,"max":7055.48,"count":24107}
{"index":58,"year":2013,"subquota_number":11,"sum":351.4177031651,"mean":0.1503069731,"max":27456.0,"count":2338}
{"index":59,"year":2013,"subquota_number":12,"sum":355.2183622829,"mean":0.8814351421,"max":3500.0,"count":403}
{"index":60,"year":2013,"subquota_number":13,"sum":67.761864731,"mean":0.002541896,"max":4990.0,"count":26658}
{"index":61,"year":2013,"subquota_number":14,"sum":313.2212783471,"mean":0.0526157027,"max":7000.0,"count":5953}
{"index":62,"year":2013,"subquota_number":15,"sum":766.0403724067,"mean":0.0280786003,"max":34500.0,"count":27282}
{"index":63,"year":2013,"subquota_number":119,"sum":8604.1424096386,"mean":103.6643663812,"max":79000.0,"count":83}
{"index":64,"year":2013,"subquota_number":120,"sum":3270.9410775862,"mean":14.0988839551,"max":10000.0,"count":232}
{"index":65,"year":2013,"subquota_number":121,"sum":3831.6194444444,"mean":212.8677469136,"max":13600.0,"count":18}
{"index":66,"year":2013,"subquota_number":122,"sum":33.4890388889,"mean":0.0186050216,"max":1042.83,"count":1800}
{"index":67,"year":2013,"subquota_number":123,"sum":101.3589552239,"mean":1.5128202272,"max":737.45,"count":67}
{"index":68,"year":2014,"subquota_number":1,"sum":998.4254556604,"mean":0.0532408391,"max":25400.0,"count":18753}
{"index":69,"year":2014,"subquota_number":3,"sum":232.0707043522,"mean":0.0035426856,"max":4500.0,"count":65507}
{"index":70,"year":2014,"subquota_number":4,